{
  "optimal_threshold": 0.51,
  "fn_cost": 10,
  "fp_cost": 1,
  "precision": 0.25582860743541275,
  "recall": 0.8177240684793555,
  "f1": 0.3897288216942645,
  "generated_at": "2026-04-14T05:52:14.360107Z"
}
