{
  "optimal_threshold": 0.24000000000000002,
  "fn_cost": 10,
  "fp_cost": 1,
  "precision": 0.7339588377723971,
  "recall": 0.9768378650553877,
  "f1": 0.8381577810420807,
  "generated_at": "2026-04-14T05:54:38.955460Z"
}
